,ABW,AND,AFG,AGO,ALB,ARB,ARE,ARG,ARM,ASM,ATG,AUS,AUT,AZE,BDI,BEL,BEN,BFA,BGD,BGR,BHR,BHS,BIH,BLR,BLZ,BMU,BOL,BRA,BRB,BRN,BTN,BWA,CAF,CAN,CEB,CHE,CHI,CHL,CHN,CIV,CMR,COG,COL,COM,CPV,CRI,CSS,CUB,CUW,CYM,CYP,CZE,DEU,DJI,DMA,DNK,DOM,DZA,EAP,EAS,ECA,ECS,ECU,EGY,EMU,ERI,ESP,EST,ETH,EUU,FCS,FIN,FJI,FRA,FRO,FSM,GAB,GBR,GEO,GHA,GIN,GMB,GNB,GNQ,GRC,GRD,GRL,GTM,GUM,GUY,HIC,HKG,HND,HPC,HRV,HTI,HUN,IDN,IMN,IND,INX,IRL,IRN,IRQ,ISL,ISR,ITA,JAM,JOR,JPN,KAZ,KEN,KGZ,KHM,KIR,KNA,KOR,KSV,KWT,LAC,LAO,LBN,LBR,LBY,LCA,LCN,LDC,LIC,LIE,LKA,LMC,LMY,LSO,LTU,LUX,LVA,MAC,MAF,MAR,MCO,MDA,MDG,MDV,MEA,MEX,MHL,MIC,MKD,MLI,MLT,MMR,MNA,MNE,MNG,MNP,MOZ,MRT,MUS,MWI,MYS,NAC,NAM,NCL,NER,NGA,NIC,NLD,NOC,NOR,NPL,NZL,OEC,OED,OMN,OSS,PAK,PAN,PER,PHL,PLW,PNG,POL,PRI,PRK,PRT,PRY,PSS,PYF,QAT,ROU,RUS,RWA,SAS,SAU,SDN,SEN,SGP,SLB,SLE,SLV,SMR,SOM,SRB,SSA,SSD,SSF,SST,STP,SUR,SVK,SVN,SWE,SWZ,SXM,SYC,SYR,TCA,TCD,TGO,THA,TJK,TKM,TLS,TON,TTO,TUN,TUR,TUV,TZA,UGA,UKR,UMC,URY,USA,UZB,VCT,VEN,VIR,VNM,VUT,PSE,WLD,WSM,YEM,ZAF,COD,ZMB,ZWE
1996,1.0812584474,1.41007856312,0.00769532756106,0.0497933656069,0.218838030321,0.152433852358,1.91590502396,1.31634973955,0.275000318229,0.0294158234986,0.442535501237,3.85322105234,4.14631723256,0.205871669117,0.152806663088,3.83519812449,0.02703003281,0.325607628597,0.0226887565126,1.20312302205,2.41591524936,0.69497760289,0.624867597521,0.702681695623,0.164040240896,2.67857636875,1.316686949,1.34180837095,0.91359333665,1.25176472663,0.0460916136067,0.639794944472,0.0251353446515,3.81822739143,1.4879347043,6.19642157261,2.24347320732,0.982285061395,0.944619716928,0.265296743542,0.085085905286,0.178985993857,0.74381894232,0.028043933333,0.154129467083,0.692580336825,0.269066628317,0.93302038478,-0.0,1.64989690352,1.36811698862,1.81659326769,5.15546333471,0.042326497045,0.25009311604,5.023494976,0.130472595095,0.347996793573,1.23457005752,3.66361361198,0.989576199744,3.22456034464,0.362542379314,0.490691351758,4.05464183839,0.0118345194543,2.35077957434,1.54017304851,0.187309719705,3.81244337924,0.0282728497537,5.43753632215,0.157431781545,4.59691824637,2.43648629281,0.110388859081,1.23934298578,4.55747068686,1.02560391884,0.335307641277,0.0278135431109,0.372472047189,0.119446516713,0.0273883606768,1.764423415,0.159753342073,1.89980170567,0.759017935608,0.0985157911489,0.0945172520935,4.82856167345,2.49753803131,0.150911065054,0.149407466228,1.66488847619,0.150561953199,1.58837173158,0.422221190452,0.766964100431,0.692348314347,-0.0,4.43645321156,0.683133406951,0.296582049608,4.83768002615,5.64657644497,3.06541544987,0.168768786615,1.15309263464,8.63012816875,1.3148066095,0.511276013063,0.543718891912,0.0863732665006,0.0701158883413,0.421840314012,6.66618652469,0.0490806938157,1.73093448191,1.06783950919,0.0538643735803,0.333274574737,0.00396354712176,0.306590137191,0.806098998939,1.06100093956,0.0626017304679,0.0780626693415,4.36819328017,0.376441954462,0.645603970103,1.05907918618,0.556808077417,1.2858777802,5.55726562147,1.2546542605,1.20939552665,-0.0,0.501482885757,5.55623303844,1.60796370295,0.428247077157,0.0939429352165,0.280097488643,1.03653044567,0.117872730564,1.05260505198,0.810112548597,0.258906096734,2.66532943583,0.135653602881,0.547189840705,0.798485044198,0.149778210173,-0.0,0.499249480526,0.0327970660256,0.5268998391,0.189327481714,2.32373064076,5.41153496653,0.25000169347,1.04442195891,0.711378993883,0.337831914183,0.184085385508,4.64565672133,2.56040531308,5.11182608253,0.106260456358,3.53019615144,5.33221567027,4.99859165888,0.761531399886,0.15240535903,0.163666236554,1.02691491168,0.324070294428,1.93375357219,0.860391580642,1.19099118637,1.39893660156,1.13378276985,-0.0,1.5929624161,0.352648735675,0.124400098914,1.34493516048,1.53497856129,1.26386389899,2.40408364285,3.1074997175,0.613959758212,0.499082254444,0.0329824089008,0.374936370618,4.72967146999,2.46597261101,0.767029027705,0.357917864094,1.77994078311,0.0451300343341,1.45939928894,0.450241006709,0.152179278877,0.450041019583,0.222936437317,0.0602538190021,0.115298438264,1.65799624085,2.54506478526,6.17647880832,0.099950302223,-0.0,0.960557879178,0.0656307564985,0.406212581019,0.0121292431052,0.328830622299,1.27024621052,1.19429093496,0.0305012284524,0.0233985009193,0.12477461482,0.312468278564,0.616960989215,0.692950114386,0.830941928594,0.27598481456,0.3042413847,1.54554619581,1.17401015607,0.917866900389,5.62383267181,0.592002364149,0.190799739959,1.329278146,-0.0,0.186399057157,0.08768468227,0.248900824175,2.85095087614,0.0935889166904,0.0200396479777,1.39839371353,0.146997299292,0.201376763401,0.334847837756
1997,1.15455507762,1.54555591266,0.00745964331836,0.0510393596304,0.195181747808,0.166094126697,1.94679129704,1.27787416454,0.276054507541,0.0294158234986,0.460294362477,3.89277185301,4.0825482539,0.341304994041,0.153589130902,3.74940762616,0.0256251529595,0.346392514834,0.0215393948769,1.14400861325,2.31805805582,0.944779037721,0.655333301599,0.559499611488,0.161355988761,2.87816051655,0.508470685943,1.39790417328,1.00665482261,1.25428246422,0.0507359357381,0.619200710515,0.0247572905294,3.88885799307,1.55195614178,5.84874962884,2.22997008807,0.981579836956,1.01984746234,0.375497570714,0.064764608873,0.161041116561,0.734399894484,0.151871810574,0.143435011757,0.942655473094,0.280682612117,0.962609792672,-0.0,1.89129537796,1.29242942248,1.84793883268,5.05791379832,0.0422898955636,0.356030796403,4.98893858579,0.140146458624,0.354643593535,1.33848936263,3.75330131197,1.06902967158,3.18469486475,0.387258071455,0.478276364588,3.92421114271,0.0115059372157,2.26113939686,1.55835283352,0.183945363436,3.76883297533,0.0299254201596,5.57901596326,0.153432821727,4.48458910692,2.43586504488,0.104205692,1.16312584448,4.66002390906,1.02677641933,0.358413993819,0.0263292341083,0.415313252706,0.119100550259,0.050378513583,1.7635714571,0.251987102235,3.20316991481,0.956219692726,0.0985157911489,0.0975105470144,4.86818087636,2.67032853436,0.107619755282,0.126274100805,1.71306519186,0.11907634785,1.93849222792,0.494204375515,0.874274998291,0.723005708757,-0.0,4.50133837302,0.675624175058,0.292576660099,4.86402625252,5.85089343761,3.03376941116,0.188020718532,1.15631090455,8.56215736608,1.45454446708,0.538960646478,0.478909454037,0.0912509350688,0.0702402861765,0.481107734239,6.56609100095,0.0484454211729,1.66197127365,1.12482634804,0.065667363131,0.367994754896,0.00683667043247,0.331411249432,0.716937429647,1.10172419487,0.0630971863554,0.0782060682772,3.94464180637,0.419766300803,0.69963614923,1.08688353094,0.634950789597,1.39045262417,5.23070861373,1.21570539719,1.1971661494,-0.0,0.495132744199,4.98752006063,2.05698810231,0.426781672236,0.105204660385,0.304177571807,1.14702295964,0.11235890593,1.08345899169,0.872147719379,0.367408402156,2.90680087524,0.132299796944,0.546376799765,0.798775972673,0.214703524774,-0.0,0.648037941832,0.0309408336542,0.510534199101,0.174632527183,2.21745621418,5.58972347347,0.251098191119,0.939734373319,0.470681350248,0.291904953665,0.197721642957,4.55728118917,2.65185829629,5.07559683357,0.110863769256,3.67917478497,5.36305949409,5.02792617899,0.881537661234,0.151323840206,0.169815275136,0.939605832512,0.293712796206,2.11307881544,0.867607060286,1.1870751811,1.40204588937,1.16900317746,-0.0,1.59491111803,0.370857811817,0.122736772268,1.29693460975,1.71903725168,1.1727487937,2.35732434601,2.9761566918,0.620355498131,0.50297477771,0.0244158352979,0.37565368846,4.88933653808,2.46407554662,0.765691274657,0.359429528327,1.75965847105,0.0438322039875,1.41311780815,0.469359565397,0.146342379887,0.469216448694,0.227800013519,0.0597406938927,0.116091998783,1.7586295267,2.47223016218,6.07458941021,0.104168614161,-0.0,0.780733800341,0.0668088193891,0.406212581019,0.0112642763023,0.246319138676,1.39226854435,1.19304523035,0.0309136782802,0.0235527522976,0.120113906677,0.315597598284,0.668849154234,0.743824806326,0.832826393413,0.273180872013,0.331378406019,1.63456537823,1.19796083086,1.08098113613,5.81434594504,0.549099323151,0.198444434519,1.46869164586,-0.0,0.183491471942,0.089602992994,0.246243947529,2.88109066763,0.104453175779,0.02293144792,1.19603595141,0.147203831838,0.827815745183,0.336527376052
1998,1.21762894204,1.38596109503,0.00726728372648,0.0437260030498,0.219408888681,0.168150483796,1.79938948173,1.30794834605,0.257278977614,0.0294158234986,0.478218628634,3.74190902511,4.17631767554,0.623762927768,0.152808706974,3.80772989276,0.0266332043461,0.282713018954,0.0237239175674,1.11192484374,1.9902092585,1.74409825348,0.669674438736,0.553159936195,0.163569903458,3.04389323867,1.55227129815,1.42416159168,1.1577227148,1.17416030909,0.0509557925958,0.61528657543,0.022926651139,3.91788637475,1.56823617177,5.86446052857,2.21537415243,1.0207893444,1.09697422733,0.340950985564,0.0662537463797,0.183414714535,0.817478950817,0.0538940532004,0.240981235726,1.76108917091,0.555552614389,1.01589820529,-0.0,2.10152636023,1.31691749095,1.93792047637,5.15330837721,0.042473499729,0.343430179038,5.15875345911,0.155164718781,0.352123178757,1.42699182346,3.71472851657,1.02598832704,3.21727523801,0.388863896978,0.47990514018,4.02357906809,0.0122084690856,2.35636327935,1.67985576069,0.168660132764,3.83691275743,0.0288615553519,6.01971462884,0.122233593577,4.5315974243,2.43045701582,0.110901146402,1.51012224129,4.84276998834,1.12153986326,0.332712490824,0.0250904034001,0.74568068759,0.116154353736,0.0408151718597,1.89326679852,1.16743187808,1.89812905872,0.742541616709,0.0985157911489,0.100437854756,4.8914983384,2.65891125278,0.142362004527,0.194455899807,1.69718829429,0.121224996411,1.98546279701,0.429438036952,1.00938108286,0.732637116001,-0.0,4.65660783856,0.680573787377,0.286927782804,5.272506256,5.97637834279,3.07283646647,0.214383285787,1.06036564614,8.45938992135,1.55622182213,0.549162699515,0.42213279194,0.0860992164783,0.0680738779195,0.469846266466,5.68977402437,0.0514024153442,1.53481004933,1.19950824398,0.0878620674754,0.385891424269,0.00768225621288,0.288949964927,0.775643850006,1.16637103229,0.0627918423419,0.084589413462,4.18807759067,0.382663018762,0.692133072399,1.12924471471,0.563791006438,1.46828661787,5.29796486049,1.24345464846,1.08817549009,-0.0,0.752651776013,5.10785101416,1.26594468422,0.964345610178,0.108914591043,0.318574118563,1.23759731464,0.114411707966,1.12781564222,0.932923118598,0.329015462472,2.7797067507,0.119732051644,0.579514134687,0.799142471047,0.155768790997,-0.0,0.541040509027,0.0294536943766,0.52689595697,0.131507907487,2.29295622468,5.78746376362,0.2391094348,0.887614428444,0.333666031822,0.277849476691,0.404865585708,4.65321013647,2.43891819588,5.01217354441,0.108769071265,3.35633409946,5.39894447075,5.05589299901,0.876369367417,0.144023509686,0.153242506515,0.716410059603,0.282010528118,2.28535253282,0.872333208717,1.17337625161,1.44681175918,1.25025360336,-0.0,1.7012157815,0.39703531763,0.105556305916,1.38985122025,1.58218614954,1.08283519608,2.26740926315,2.74580953801,0.622721251883,0.434849947749,0.0253891640369,0.488786978681,4.98731390275,2.44831216546,0.763076307086,0.368499034213,1.74048249518,0.0423628204149,1.45202523727,0.497695803546,0.139479164078,0.497438898236,0.226797874477,0.0592421023074,0.126038432175,1.63540242643,2.59593278605,6.13770307353,0.0947550529828,-0.0,0.865996637034,0.0678498285561,0.406212581019,0.012287339005,0.234992878661,1.54545658139,1.19655885259,0.0324317445332,0.0237969177194,0.106374240839,0.365072529381,0.683769572037,0.761490923011,0.832868172013,0.361743410501,0.430026558531,1.62677976912,1.25692079584,0.980964599654,6.03307215201,0.506621748544,0.211661274352,1.28139583533,-0.0,0.17749415853,0.0901928636897,0.246735117285,2.90808104634,0.0989874327423,0.0206108648356,1.09301868655,0.147174750208,0.241689430791,0.312313840966
1999,1.2326493154,1.32052103157,0.00706614190447,0.0444013174874,0.261367972233,0.205352440936,1.88668934211,1.36870096337,0.206501136335,0.0294158234986,0.490064114376,3.71251946151,4.29297716644,0.469095418669,0.120448872666,3.87145918842,0.0568319870322,0.313969013712,0.0257028720571,1.08932769545,2.08842544503,1.18751809747,0.665368655483,0.603658396173,0.239569447909,3.20858004953,1.79149431466,1.46357203106,1.30003029366,1.21545468982,0.0684779751542,0.642676843985,0.0192364383891,4.01978127886,1.56685255988,5.86998196188,2.31750637732,0.984342546265,1.2211812116,0.418111288105,0.0715778515491,0.198854877939,0.597662889448,0.0452099500896,0.319325193576,2.3473742547,0.387014776248,1.00602170066,-0.0,2.2936213389,1.2618358814,1.93026282894,5.2882737185,0.0434487920923,0.328143294088,5.32510631455,0.163184689922,0.446061966536,1.54493734127,3.84994376617,1.07725711879,3.33520009387,0.42046746978,0.481778164332,4.11559135844,0.0109774923275,2.41727014964,1.7956672782,0.182656638048,3.95702533099,0.030359353839,6.34125746509,0.140704872344,4.5538362512,2.41499570302,0.111855587708,1.51545254181,5.0038838508,1.58574223338,0.690173307719,0.0221292360209,0.264376563685,0.116727989545,0.0661221676479,1.99444543025,0.205947357587,1.86790842888,0.78993208307,0.0985157911489,0.0979492503814,5.0400664751,2.61942446256,0.163568934442,0.258051398582,1.67005908067,0.123592103132,2.06695837697,0.447609792856,1.12891309534,0.747863548369,-0.0,4.80079690976,0.689094845658,0.282784293241,5.51568262607,6.16457039353,3.03439028301,0.213671254332,1.16234623651,8.69344241715,1.64256842047,0.492890783768,0.202915368036,0.09893807158,0.0696127022893,0.479074002343,6.02317473602,0.0573536597994,1.75648966973,1.26630109801,0.0735479681226,0.371950561119,0.00880604991404,0.374822626248,0.572243604789,1.21692966267,0.0625670488035,0.0909278740148,4.43294904832,0.492983678669,0.753010919228,1.19585230129,0.639693069944,1.43386688495,5.44471356686,1.0466287002,1.03967832286,-0.0,0.890150510371,5.01425492634,1.2541356184,0.441394895793,0.115005360399,0.333715996404,1.33723222007,0.113314458667,1.19993363412,0.795679813633,0.282287748067,2.87678512347,0.127698352675,0.614021836745,0.799472012912,0.209589808259,-0.0,0.417134742022,0.0292106714156,0.581530786837,0.137648163498,2.38408793528,5.97649310606,0.235937967769,0.845204613187,0.552071114694,0.642793875024,0.312113856449,4.82567786801,2.48115221962,5.14706318208,0.109264388284,3.57745443858,5.56033853934,5.20566054428,0.967848299947,0.147405211564,0.162310948591,0.765186743861,0.280196646553,2.3541632958,0.854741049338,0.861992179605,1.43831625405,1.30034355355,-0.0,1.804599379,0.359940051624,0.112844475008,1.25074331536,1.73129042386,1.00582681156,2.31808617548,2.47613465041,0.65361809826,0.481991264664,0.256978621328,0.668500318253,5.18439240787,2.4480356295,0.762866185932,0.33942266908,1.72108456502,0.0409157926894,1.49200835729,0.551684052365,0.132814594929,0.551313048875,0.232797981329,0.0587282267031,0.107321354714,1.54310914059,2.6118397055,6.28878329833,0.091686906706,-0.0,0.80199405352,0.0688042012881,0.406212581019,0.0104279159374,0.234867454732,1.57138690887,1.19430330338,0.347982284945,0.0239113097903,0.109227489862,0.412042608932,0.74092967349,0.872481425032,0.837967113913,0.422143823833,0.598584630275,1.55357034918,1.33276833616,0.989439637541,6.24419117317,0.525007166933,0.220400574885,0.979560264394,-0.0,0.186413584514,0.0904575570347,0.245070663017,3.00434446567,0.0952568783703,0.0242033841262,1.01204701972,0.145236169581,0.150835005494,0.307019540576
2000,1.30167922066,1.46899342542,0.00682816907152,0.0569208930262,0.247830322544,0.189931503615,2.14479822881,1.46366011975,0.259140920995,0.0294158234986,0.554189138791,3.99058122349,4.30427544855,0.336243307629,0.11256437605,3.90547546545,0.0230471458636,0.297126267345,0.0280229633143,1.06435944298,3.47519779259,1.3463859075,0.897214035682,0.550760546586,0.18386592977,3.32763420281,1.36156665592,1.70679204716,1.25131721522,1.43014124694,0.0836341074191,0.800944591243,0.0156659812148,4.41515263477,1.69204775207,5.87676184295,2.3662790855,1.09957906079,1.45651616581,0.292099888541,0.0697214829282,0.296008115249,0.620484667018,0.0339293680205,0.167058531321,2.12121520096,0.426361503564,0.984152345438,-0.0,2.47816536202,1.36881163838,2.06398602877,5.30013168166,0.0439151735149,0.441518744505,5.36355440031,0.182309607755,0.467064666736,1.66919941414,3.96816373292,1.11074259318,3.40989406544,0.426604026981,0.509130114585,4.18087836757,0.010919637915,2.53946129289,2.15570910819,0.203787835486,4.01747033468,0.0342785591963,6.59143294641,0.12255301148,4.56845661613,2.31589338265,0.118641334251,0.583721589985,5.16181583451,1.16029514788,0.480503054267,0.02120447614,0.276384126373,0.122581299203,0.107672719561,2.14169425625,1.10033976243,2.51608768285,1.14907000112,0.0985157911489,0.105776770553,5.27378715134,2.71461427717,0.0975478846083,0.14439911259,2.00934445932,0.121856856438,2.35428818365,0.620271379256,1.1125855633,0.84669148201,-0.0,4.82293758079,0.707174919325,0.284214047634,5.7807850672,6.57230366378,3.23616385044,0.21594005369,1.24808264743,9.13429533189,1.55291068797,0.54726371833,0.499750090479,0.117999825532,0.0668246647223,0.52152829398,6.88159683586,0.0594453815098,2.2432709329,1.38535177286,0.117345513542,0.355462128014,0.00999768147091,0.39185572938,0.612633217638,1.32898915071,0.0642165295334,0.0754798721152,4.07856250124,0.443396388922,0.724240299826,1.2502675849,0.913339082963,1.46493242881,5.53246383724,1.20515856443,1.05015624954,-0.0,0.932385730905,4.53001545497,1.16223740619,0.368130356701,0.119299113518,0.317938333597,1.46843829848,0.116229786317,1.28238143946,0.927553398123,0.587354427143,3.42906230105,0.166097650814,0.63636224959,0.799681465763,0.136570845659,-0.0,0.645315155244,0.026073859116,0.684881468934,0.253537714216,2.4814933705,6.26128321313,0.236115307467,0.703665571888,0.361253459132,0.372708401002,0.454268888199,4.8354736115,2.60964675005,5.34578791015,0.133531821568,3.45876310925,5.80952165379,5.44603934372,1.06589339638,0.15133254358,0.222755890733,0.703838553966,0.286482023942,2.31081980849,0.953956524041,0.55444013128,1.5281632534,1.35341617634,-0.0,1.89603409292,0.365436260186,0.104723366058,1.01583697076,2.22124921957,1.07022374056,2.5411413689,2.35871449163,0.715047655068,0.525713252842,0.12745108699,0.540156581938,5.75907056609,2.44003702082,0.762159892114,0.26140376883,1.54243105383,0.0396027384179,1.37741372076,0.418993627396,0.126968946092,0.418892054921,0.239479140942,0.0581804660012,0.324005903581,1.62768582596,2.77580059551,6.52295584556,0.0893044760253,-0.0,1.04663895943,0.0790722163195,0.533455571495,0.00907221080931,0.355895320398,1.50469332762,1.19216169019,0.170243898212,0.0237385198583,0.105294454477,0.442169491554,0.792627607914,1.00676676399,0.837905855331,0.324327357272,0.464752394429,1.61219783265,1.45044064835,1.0496839712,6.50980538357,0.51341083209,0.223412135306,1.02243786942,-0.0,0.491841907371,0.0900233792129,0.240378485344,3.13820358471,0.098045714751,0.0296652311735,1.3743524723,0.161443581733,0.13872629828,0.371119890288
2001,1.30451988175,1.79079792018,0.00655239048144,0.0574165819454,0.251782599305,0.178053932652,2.06418333416,1.35895248225,0.467318047512,0.0294158234986,0.541720189159,3.97928649853,4.36098469488,0.45710479213,0.177406553216,3.99868043079,0.0241913285757,0.404815030143,0.0270359666812,1.07307359272,3.523443857,1.19346457679,1.37206409515,0.549154649286,0.187302137714,3.47735105015,0.647916176133,1.7221827685,1.21193203053,1.14382076266,0.100295530236,0.7681767571,0.0488561009796,4.44907231796,1.72283279833,5.92545177973,2.27390102311,1.07653365685,1.58003192054,0.303470971787,0.0697170831848,0.265815239662,0.57423000298,0.0812221600734,0.169987209212,1.76308171708,0.414304312811,1.2558890088,-0.0,2.66167049264,1.31689889823,2.16375260804,5.25593106809,0.0448378144628,0.443348580428,5.40807538404,0.192301484088,0.390712459609,1.71221440827,3.9466797186,1.16579229413,3.41723866912,0.421426189082,0.527949556705,4.10846725501,0.0112493280637,2.57351495346,1.96901446361,0.203247749912,3.99679348865,0.0314448058554,6.60761233709,0.178663762148,4.56385725116,2.42120458548,0.12240974477,0.506595839044,5.15386643848,1.95822287785,0.467584321971,0.0262002147332,2.02140165913,0.123157677654,0.14544464399,2.11807443381,1.0505183333,1.63515029777,0.782176263435,0.0985157911489,0.0955270134964,5.22509714394,2.70060364222,0.0903857219779,0.10398216324,2.02190986083,0.119193064281,2.425722441,0.550183370148,1.13694973638,0.857207818806,-0.0,4.96219368179,0.766525814746,0.280899965417,5.8133588714,6.60552214588,3.30266566173,0.217344242246,1.2122870271,8.83855321685,1.7476364787,0.587700380501,0.54374649491,0.117318026701,0.0632775269672,0.550432644909,6.34385978108,0.0814470881379,2.19320536657,1.35136538368,0.0931928994143,0.354926295872,0.00949464303003,0.343401773745,0.587604700775,1.29863490095,0.0632156493702,0.0820475047617,4.04524227475,0.518679150671,0.680085813442,1.25682231604,1.04642540802,1.57177405196,5.50228384253,1.20744949333,1.09033700542,-0.0,0.94834178293,4.53028421833,1.50472806818,0.242772307067,0.165496626176,0.282156795885,1.5099323838,0.120592065425,1.29358534228,0.852302829344,0.378307144391,3.18770000517,0.1411171856,0.617249849351,0.824389042848,0.1704999465,-0.0,0.515022309857,0.0253174279446,0.707910846536,0.2817696998,2.49829221648,6.32641364711,0.197297718261,0.701291675746,0.275034239981,0.353084494128,0.388754739667,4.78285417506,2.52208658213,5.39641513305,0.144115146724,3.6321410329,5.75750589662,5.39023629088,1.17050912873,0.14674231526,0.248690730646,0.792276909197,0.282585265607,2.26182453968,0.978922435893,1.29180320261,1.53689734132,1.4655338964,-0.0,2.0164397162,0.404750386467,0.15457286735,1.15563355769,2.20052447994,1.1325163552,2.58727503012,2.29253036038,0.734950854865,0.499971932586,0.0943035519043,0.459473342397,5.67280661169,2.43404301475,0.814342182891,0.299332781335,1.60420370791,0.0384337268026,1.17413691167,0.409503820692,0.121961157882,0.409246508609,0.232006759408,0.0575968982159,0.259152390525,1.63681093192,2.84287509595,6.41737897259,0.0900380246649,-0.0,0.95474578177,0.080136066404,0.209813812429,0.0107824181122,0.31456012191,1.4145112686,1.19394892471,0.177419076376,0.0285286257683,0.0927399718802,0.528349446866,0.772131043923,1.01556213555,0.834319956841,0.322678676218,0.693110186788,1.75598730198,1.47675905328,1.02058567865,6.58644979651,0.522660678181,0.240213482723,0.945884522575,-0.0,0.434706706721,0.117329022126,0.205339167592,3.09569169004,0.0988551497606,0.0294889506881,1.33523458242,0.147953774171,0.163434941272,0.324729422584
2002,1.29151928652,1.78414186145,0.0105010430442,0.0834536169343,0.272452321023,0.176195114971,2.07719492629,1.05527552935,0.218630878674,0.0294158234986,0.558033780886,4.13487491105,4.60097091451,0.414279277008,0.720050525401,3.95232518356,0.0691332513235,0.367890742609,0.0256394494386,1.14417989692,2.64886910669,1.31412557822,1.21064781844,0.521849592507,0.194578410776,3.68714653228,0.453040079194,1.60787376003,1.07235382561,1.2138220383,0.118893223567,0.781382988487,0.0153186454843,4.39722293978,1.79524470498,6.12834656849,2.413203055,1.26795030481,1.77687452799,0.277657838688,0.0642900743352,0.338347564711,0.569048429436,0.0595166679899,0.161210571887,1.75349056414,0.387931800836,1.40294891562,-0.0,2.8449519097,1.37022654869,2.36741704136,5.28562023902,0.0455590239336,0.474030127392,5.8867980609,0.274973061473,0.478119783273,1.84575680946,3.79471639012,1.05393348465,3.41357535924,0.574922140684,0.54252119684,4.17443914667,0.258747081678,2.71443639404,1.90057720046,0.208400169493,4.0250325244,0.0297869919453,6.79792561015,0.161761126626,4.64400847142,2.52770461422,0.123385600319,0.562908726598,5.22213605624,1.90131749506,0.515297481076,0.0177121362291,0.311382951587,0.123762170858,0.173935824865,2.27354568089,0.515089949056,3.1069743668,0.505278250492,0.0985157911489,0.249762632678,5.19493207334,2.70274405665,0.138249440577,0.120846314581,2.18237859201,0.118060618139,2.54525952529,0.628313943971,1.32412416979,0.842869263908,-0.0,4.9623843783,0.808088491464,0.278406674973,6.13352114276,6.39099302379,3.40775906658,0.238373529631,1.12619358914,8.64826463112,1.98453823199,0.745356335469,0.276719202632,0.156974327667,0.0683245388009,0.561652168051,6.47351130429,0.0867559767832,2.17273472881,1.30433981927,0.142808124524,0.362021164528,0.00966385343449,0.202836246841,0.657331035908,1.24864865115,0.0642200111661,0.10748267023,4.32213286411,0.493531024917,0.703082076784,1.30065001101,0.887182275612,1.45900651177,5.70142093841,1.3018965005,1.13992695447,-0.0,0.951120173101,4.88369293086,1.09746234517,0.236671401587,0.16760278708,0.275846115353,1.48359601207,0.130685302742,1.33670846758,0.74107081744,0.466909648943,3.10319508909,0.185506654506,0.635512744488,0.843218899998,0.174760496733,-0.0,0.560102120515,0.0250908591852,0.787944122442,0.218401617658,2.5976713499,6.33092961088,0.204952714381,0.68033429683,0.223158093693,0.370931278244,0.408225524082,4.74700340068,2.50878199181,5.75917482854,0.145947862271,3.81281269488,5.72280212668,5.34685005579,1.13759884311,0.172352439178,0.290487740844,0.754344568223,0.238581221798,2.34628360645,0.984542948101,0.491060067142,1.53674461648,1.50537596284,-0.0,2.0855404604,0.365482846712,0.132735757139,0.870669296022,2.33139677498,1.16810920158,2.74815887689,4.46423817421,0.734397417886,0.497513444619,0.265561720977,0.455773781913,5.80706389132,2.42530441824,0.862436487442,0.326367041732,1.70879777836,0.0373674603758,1.35567829287,0.409682826914,0.117485854428,0.41270526612,0.230485712166,0.0601603128337,0.412537232053,1.62916614949,2.93531070093,6.45993690141,0.0750473640604,-0.0,1.74601595186,0.0861324563753,0.0907823877644,0.0120662967537,0.272467620499,1.42176250587,1.18513919194,0.187988118084,0.0271158431042,0.100351863174,0.507078382848,0.867941310873,1.05416735953,0.846780025336,0.310052988468,0.757445340241,1.36754947839,1.54964145034,0.835185245965,6.60322118725,0.47995478529,0.296244655206,0.870768449738,-0.0,0.371912745429,0.150022229338,0.216839550873,3.0483145537,0.0932862000302,0.0313285070392,1.33225280138,0.149091168538,0.159539346043,0.354047231896
2003,1.31344923706,2.29286211244,0.011129373298,0.0784451033777,0.29295528262,0.203772057564,2.18254856723,1.14708714723,0.214017409345,0.140269250329,0.581172360847,4.31683985375,5.01102679941,0.358193240679,0.44002567758,4.23252317247,0.0311381080194,0.415272276186,0.0305738543084,1.19588394689,4.54670219733,1.20274403336,1.05965288765,0.521009390442,0.202998687217,3.88762345919,0.476382528823,1.52177857546,1.08335969257,1.38362473251,0.139366392488,0.868805591484,0.0189604417047,4.65714225932,1.83773880251,6.5604471634,2.63560495592,1.24213184895,2.0182389422,0.335023332229,0.121172596782,0.445334847816,0.596121285551,0.716483133956,0.208083140394,1.96015826784,0.364120576792,0.951661431728,-0.0,3.02576677003,1.56540132806,2.51560013232,5.58287512832,0.0471511309188,0.46983022388,6.22219791244,0.231563639065,0.443419116847,2.00189771772,3.85965937047,1.07277885885,3.55711381937,0.505667151966,0.528846765054,4.4235227062,0.508559643623,3.0355112631,2.05646402909,0.221795314722,4.24461928183,0.0327634277188,7.28734838024,0.188192308437,4.88042177296,2.76957481144,0.125342367964,0.61693611535,5.31994903641,1.47890230246,0.542512287972,0.0241604723361,0.258384986805,0.125775934282,0.231417758376,2.55198116525,0.343399221506,2.14078033472,0.459424696628,0.0985157911489,0.0735193151377,5.29792579928,2.731065588,0.116719551064,0.102087870726,2.31236970035,0.114604938913,2.60503810302,0.581878610475,1.56727691426,0.863468474555,-0.0,5.28195127206,0.946845887367,0.276348284101,6.45653521321,6.34389111651,3.69727382449,0.228828599326,1.07842750546,8.68210517295,2.01918541303,0.541189636788,0.190471517384,0.161765611379,0.0785348326602,0.550330899738,6.96540960294,0.107635092697,2.38118101248,1.29267739204,0.192105059904,0.354722887643,0.00727671758169,0.255901906797,0.693036676507,1.24527842012,0.0658316163402,0.111049151088,4.89405232797,0.458487128394,0.686998144716,1.37875232638,0.698489759894,1.58661190683,6.300036751,1.25565628309,1.22213524632,-0.0,1.02964780799,5.97011953103,1.15600526831,0.292016853249,0.187569713297,0.304303247369,1.46610458852,0.133057839237,1.42396469001,0.773244162903,0.337839345284,3.24881486404,0.183657921541,0.663820610116,0.881913463776,0.172311495908,-0.0,0.691465804396,0.0287159192748,0.843555552962,0.225261334801,2.59807033493,6.43664647316,0.281705909922,0.672398507148,0.273266666517,0.42192618372,0.385601336358,5.22788543691,2.50004525614,6.06249601292,0.185847270752,4.0992781807,5.86341674794,5.45821081419,1.35303856541,0.192503326167,0.346324961902,0.793594871682,0.24781841552,2.31564953791,0.971560678752,1.12812952695,1.57489521416,1.5516878414,-0.0,2.31175319457,0.435694008654,0.143845258366,0.852739270503,2.59925629473,1.07468380365,2.80276191699,2.89648067167,0.786224665771,0.572117867357,0.0327556403762,0.494859582239,5.87360793864,2.42310924754,0.863250684715,0.323389315744,2.15182607471,0.0363824995865,1.31845257567,0.414681016829,0.113311678572,0.414412558009,0.228985184693,0.125371565164,0.440715254965,1.75569844671,3.07884845796,6.73051248203,0.101280269075,-0.0,1.31298122455,0.0906615157167,0.158585153169,0.0159893592495,0.315901404325,1.48927787538,1.18679458334,0.205259692901,0.0266357618778,0.114174110101,0.546928195958,0.961964961039,1.08489877136,0.585952553285,0.338835866543,0.456151695944,1.49119568188,1.67271216294,0.889875689554,6.69563930941,0.552501808374,0.305770021897,0.759232607877,-0.0,0.378014497097,0.19557282289,0.248341267923,3.05609522944,0.108194856234,0.0474352470788,1.38043856476,0.149018735305,0.150206777792,0.332430047996
2004,1.40808763452,2.76257678707,0.0122914166353,0.0983640473406,0.323600008172,0.203278384434,2.33956231959,1.16665895837,0.20919441774,0.0524722703027,0.618299159022,4.78956972639,5.32495860566,0.272128342356,0.271374157951,4.52459587635,0.032786262236,0.574885346959,0.0309991709106,1.2297939684,4.75610806283,1.20203830523,1.58673669887,0.535134370948,0.209401932713,4.12739148315,0.50393404582,1.53645795986,1.13759836772,1.69454802072,0.159148437971,0.921007093755,0.0238345095384,4.953680616,1.96177471781,6.89437173877,3.05183817559,1.42708400917,2.21860320716,0.600519895214,0.105022681015,0.455585184145,0.595929574937,0.0353983308253,0.18935755722,1.87269821812,0.398925261751,0.822416119624,-0.0,3.19827805179,1.8818123625,2.64012634211,5.82383591075,0.0496424003874,0.506695933755,6.59578613484,0.241855268789,0.474488182543,2.12587583343,3.86993775252,1.17223769154,3.69699433191,0.590947942402,0.528364158865,4.66090779516,0.511363478266,3.27590670369,2.33439859257,0.65393194637,4.45193409439,0.0367091065206,7.4515977992,0.213408047302,5.15073646809,2.98187225066,0.122842605973,0.907910240479,5.571138419,2.01752966777,0.544043468896,0.0288793725489,0.311349827848,0.127474067871,0.39763195784,2.77531974928,0.3321191984,2.27714021177,0.501183464534,0.109205277909,0.0670062614285,5.45009028155,2.90999862043,0.132914640182,0.169416381586,2.48318841733,0.117783378585,2.78636615943,0.635060883822,1.89272439649,0.909175278337,-0.0,5.6760115281,1.0602099166,0.271127691802,7.02581478967,6.41006896587,3.93098929392,0.245797594679,1.11433300208,8.90002319697,2.09923249178,0.559775498359,0.380980362226,0.195751683535,0.0848094489289,0.567641167896,7.59345149731,0.116694303435,2.69161293854,1.3113499354,0.351578637499,0.362370461893,0.00814596523561,0.317383418356,0.687466169852,1.25964859627,0.0682534274497,0.115306641171,5.46093049402,0.529388560471,0.716649253341,1.45811473936,0.536415781643,1.79638739869,6.8902009905,1.40173188608,1.50837025701,-0.0,1.00687151326,6.75708362468,1.16843761873,0.297429174583,0.210581717551,0.305561968132,1.50295520821,0.137590014022,1.50933474145,0.855537761247,0.328552343459,3.29879309516,0.186557047888,0.709738929274,1.01667572254,0.187069416737,-0.0,0.85718052871,0.0326917479441,0.905113534806,0.24355819641,2.58861041947,6.52801151127,0.401946743912,0.702572886764,0.262669757769,0.50195759056,0.437744922816,5.52697239353,2.54045158338,6.44705648358,0.186048427929,4.21204574033,6.05111371527,5.62194094961,1.2791077675,0.274844645756,0.40563127745,0.850920068594,0.293892785445,2.28848513482,1.0111527172,1.69494892495,1.68579230605,1.61556104833,-0.0,2.49190663254,0.54381845062,0.157660702239,1.07475809098,3.0862369949,1.13571145641,2.59783629992,2.71305407352,0.828560067744,0.625364211362,0.0376131139129,0.514073765767,6.24808443219,2.42714476786,0.863183724733,0.31058224711,2.49186930089,0.0354479194968,1.2397239356,0.475681192537,0.109166207107,0.457816046938,0.285284580402,0.187846449159,0.384201019452,1.93501869629,3.26763941969,6.94235526339,0.12366039304,-0.0,1.09151167198,0.105490779198,0.250962417606,0.0248465627661,0.282458740904,1.45575406664,1.18980583864,0.214545788393,0.0264550627071,0.128816248192,0.653667223637,1.11817205233,1.25067151026,0.237842109552,0.334512548823,0.45532097036,1.65586481488,1.76826734818,0.932172608986,6.77917300396,0.323940439482,0.325522671629,0.710227412574,-0.0,0.368381370752,0.240076597662,0.233715235759,3.08731167747,0.130738839374,0.0450993090299,1.43115686244,0.150094238898,0.145778937989,0.283929514412
2005,1.44831765853,2.90506618656,0.0140544600654,0.137867092915,0.432016444381,0.245373389738,2.50936696724,1.24728481764,0.240135633418,0.0350673152183,0.68142577277,5.09805529289,5.52062452104,0.229824771273,0.226710966958,4.63453950251,0.0347942169198,0.834302332806,0.0353999079343,1.29228063299,5.28580981508,1.27912471874,2.04728518912,0.598434904885,0.215218776669,4.43684388508,0.500527180286,1.65692173342,1.3319488672,1.94147316164,0.181701947231,0.905366942255,0.0194490581574,5.25746209843,2.04161121026,6.99146894294,3.12644161866,1.54706770324,2.43117628902,0.54988814019,0.11017357253,0.584145863092,0.635978572117,0.0356402614794,0.192084243722,1.90977636743,0.457380497338,0.993513069732,-0.0,3.35784733945,2.28047950995,2.86194576432,5.86655020691,0.051974879808,0.490871887544,6.74649002401,0.430225953647,0.476241469894,2.29386389072,4.01944139471,1.23893550708,3.75547704812,0.61926806771,0.519574838344,4.74355540121,0.510775529762,3.45569308749,2.4856035751,0.252032978847,4.54996919803,0.0433403138603,7.54341572914,0.284818565674,5.20968259615,3.02510655832,0.128569940542,0.889611739608,5.81845969747,1.53887779289,0.52071119332,0.0225561865005,0.263195704636,0.129125196736,0.717522477183,2.89276952175,0.372156323007,2.45062021326,0.547465524723,0.104700065737,0.0659625504265,5.58100167866,3.2377573179,0.268964893758,0.168469783116,2.45332052223,0.122011448487,2.80517300637,0.649817588189,2.02093483635,0.973634703089,-0.0,5.93245028594,1.36618300365,0.298743826313,8.14673809255,6.47137181753,3.94448612127,0.26583616686,1.12288881598,8.89482136026,2.04074723772,0.562453699653,0.179918825306,0.197516106834,0.0859426837951,0.622651991029,7.98616414416,0.119711992169,3.23599159005,1.38419545809,0.233689601242,0.369035240361,0.00919236869082,0.445877060726,0.734624935599,1.33255570816,0.0717685240885,0.115306110841,5.73795013338,0.69009827779,0.690804334026,1.57128898209,0.410846683958,1.95633754175,7.27399495441,1.59572710034,1.71209555477,-0.0,0.999092019256,6.93813983068,1.45693487109,0.231952948447,0.190643511081,0.322786819525,1.51702936332,0.144600855788,1.62216121808,0.895071214569,0.370092915984,3.19620453089,0.2156350449,0.783804690493,0.995935382077,0.180309563847,-0.0,0.813872896972,0.0378487456837,0.821507128374,0.300576211242,2.64370790785,6.75194832132,0.583538060638,0.646291567586,0.480679902365,0.605154007182,0.396797897837,5.65691792532,2.56333588239,6.9353054834,0.216430582967,4.46817064907,6.20691812707,5.76177962388,1.42028619321,0.316144183534,0.517835009072,0.808868036684,0.317826118331,2.27491422227,1.05749001873,1.52076452297,1.77432986313,1.66858885961,-0.0,2.59527681553,0.667980619126,0.235742510132,1.09773297674,3.63598561248,1.24254350406,2.48906926573,2.81948084409,0.882982807709,0.765700898003,0.0610742546356,0.591460650377,6.51460135338,2.43056928277,0.86466695194,0.32152905948,2.57046245969,0.034544093503,1.26800670551,0.50899159271,0.104915145854,0.500273412106,0.329107871269,0.254418232426,0.572629831037,2.0336755296,3.41506694515,7.1321996028,0.12992594117,-0.0,1.63338147962,0.143727032781,0.22320317826,0.036078416082,0.269801525984,1.45177147084,1.20634730609,0.228263875989,0.0274027229064,0.140196367668,0.759198912542,1.1462137367,1.38222282882,0.531436574055,0.351802791073,0.646530379456,1.62372047333,1.93217837701,0.985839615578,6.99575738676,0.322432037233,0.340983314455,0.755424572737,-0.0,0.442877170063,0.278624832747,0.268571050368,3.14587857372,0.379543930074,0.0511726209737,1.55459344634,0.0419188119117,0.223405400438,0.296933864427
2006,1.46545106095,2.76318789756,0.015315209656,0.182781720119,0.513022270086,0.27508191464,2.64335577454,1.32409373166,0.271205550267,0.0350673152183,0.754629958106,5.33537595404,5.63820420989,0.272426878637,0.198738729956,4.77200402649,0.0377982277328,0.62482110546,0.0330891242432,1.35325488492,5.51703133615,1.30695453721,0.927302978184,0.631167454325,0.507041659117,4.88335378827,0.871531803362,1.71760871929,1.34744673705,2.2319658455,0.223110147392,1.05188273482,0.0262333292815,5.51659607997,2.12509057825,7.16999342634,3.40247360664,1.64088056863,2.58546098601,0.620068354,0.127322953507,0.584679255546,0.682540185791,0.0520990936045,0.263420190673,2.05670807577,0.494835457831,1.44942266004,-0.0,3.50327554169,2.48733026902,3.10722078038,5.97460087341,0.055483345849,0.51279179355,6.90021142306,0.363802075926,0.545324574903,2.40318994027,3.94217945076,1.30297994895,3.86211892967,0.620442673625,0.553882968958,4.86670725889,0.511830302155,3.61899821641,2.7418724588,0.263351445175,4.6898279999,0.0494662401766,7.62925156246,0.271093393927,5.36495136225,3.30709197487,0.130826790071,1.48484834218,6.13694328597,1.43450056565,0.558415109924,0.0196500005578,0.311282889141,0.128842698716,0.773945445115,3.08861254163,0.370359469516,2.44877400609,0.756640273852,0.104700065737,0.114955676515,5.68718973897,3.23625244319,0.140949349387,0.199187074581,2.36310673676,0.124212429164,2.82151866582,0.596168869351,2.25334751007,1.01919236228,-0.0,6.13963423386,1.65899944232,0.332412674129,8.81557792977,6.58236951031,4.03386198726,0.280152189573,1.16934346769,8.67597631849,2.27720954323,0.604580017684,0.228172367813,0.224315225764,0.0837989288063,0.706819187644,8.10338939376,0.129609514831,3.66809251876,1.44122598556,0.397848281364,0.368933079862,0.0097523272918,0.508473328334,0.846656333639,1.38759601908,0.0751856173163,0.123243279261,6.22072381527,0.796815184947,0.68198800028,1.66789744067,0.478883402754,2.15742791231,7.69675376745,1.8718340763,1.95721268186,-0.0,1.02015042389,7.43163347304,1.33222051024,0.222846005929,0.24201538232,0.371930087342,1.56138936964,0.150743512715,1.72339689292,0.89106639178,0.436660002327,3.43689046776,0.197734496342,0.941284354699,1.22157872824,0.217941330644,-0.0,0.697872568101,0.0512600357312,1.4410889334,0.267747567383,2.75908578639,6.96076679318,0.4634181081,0.663291287081,0.546810801324,0.755925803487,0.462031088275,5.7987115668,2.69602495835,7.41949255926,0.23410056012,4.52210305369,6.31077461925,5.84868476858,1.55145795739,0.327333924749,0.537813616746,0.854152189584,0.327243875439,2.2078456917,1.05736109409,1.34377729811,1.84832402933,1.72196030892,-0.0,2.8881659311,0.669278709493,0.219193101446,1.04945057482,4.07181004712,1.33271332048,2.60633898378,2.58862117899,0.931133292443,0.858013956224,0.0761781484127,0.519716678387,6.77930125575,2.43429050847,0.866773043068,0.337236701071,2.71508833959,0.0336692473558,1.38155269915,0.542778466418,0.100620097168,0.542991705281,0.446029518794,0.0817476185258,0.458913383435,2.14553020857,3.57598530097,7.34357272103,0.147731782759,-0.0,1.48428194687,0.119202544277,0.195443938914,0.0389128124078,0.319713275099,1.56110022983,1.21609907647,0.251954250191,0.0587299933206,0.155044000043,0.827251622637,1.22908481129,1.44649563678,0.53692681105,0.372697541246,1.29889478491,1.52284106349,2.06733433419,1.11423897686,7.19561557151,0.346226182285,0.369998774699,0.785528494629,-0.0,0.483187101176,0.320574978833,0.293824413633,3.19729929757,0.154020681719,0.0633369761669,1.53923275728,0.0453720688918,0.310021369232,0.642009390667
2007,1.5478099083,3.02748802133,0.0207886206424,0.212000308558,0.427716392954,0.301166210488,2.6304532941,1.3999182369,0.302391242368,0.0350673152183,0.836365776583,5.62808914268,6.03770961541,0.391888462849,0.172440133667,5.09983502754,0.0604869038065,0.390428406098,0.0610870614252,1.47515622275,5.21711668556,1.32831565254,0.97988563232,0.836278280354,0.238415017056,5.27008973922,0.395891426526,1.85911974114,1.17199045461,2.39755981538,0.116396803252,0.949700628519,0.0425042319657,5.76653855018,2.28241728247,7.47411551989,4.02044764692,1.84258463833,2.60068740469,0.611870343553,0.138365595561,0.640151240821,0.718511675221,0.0673853334383,0.260895511713,2.03932576599,0.532484572277,1.47487493654,-0.0,3.4044652059,2.84452344074,3.35715849858,6.19397586492,0.060196880654,0.493854439402,7.36316333581,0.543576305344,0.583023479133,2.42728636521,3.88982480738,1.43945611583,3.97067717507,0.586964827167,0.567495442778,5.12985726564,0.512799584737,3.88566207534,2.82878842597,0.363718024819,4.87636172224,0.0600547404858,7.81895700305,0.342995396977,5.58539590533,3.63941083848,0.133081805218,1.18545159976,6.04249038289,1.2357604489,0.707903917324,0.0291012595531,0.314656649021,0.132092025408,0.884561959794,3.24559016682,1.47851826055,3.03754344036,0.4271714329,0.104700065737,0.134790579515,5.75886881832,3.39996816972,0.154703999084,0.161414443476,2.5425142296,0.130236466868,2.93889784407,0.546495461731,2.71022353951,1.06350028346,-0.0,6.37059487787,2.20173347081,0.373326945861,9.47077473112,6.73486780118,4.28065714366,0.300610636286,1.19490424672,8.50134356727,2.49853168674,0.697762688025,0.220376845261,0.242847091819,0.0929083500993,0.768778498224,8.19183068488,0.15238826546,3.69760941692,1.48849189125,0.268702318457,0.389717193894,0.0114660437238,0.613133412009,0.97106755256,1.45771331246,0.0799262683402,0.132724539241,7.0973061084,0.802418831939,0.684250775438,1.72560736266,0.418304961369,2.45666083717,8.53207300828,2.14263570873,2.222428438,-0.0,1.02186020023,9.33575918398,1.48093519076,0.271848886802,0.273402589854,0.37212433416,1.54220506351,0.157305899337,1.78663374591,1.18224481085,0.466214984462,3.41230535934,0.202152988678,1.06450548312,1.28541631176,0.4160696219,-0.0,0.802282097469,0.0551167416337,1.03252951588,0.331366161959,2.82411154957,7.10335573266,0.444660354533,0.628885847646,0.564137529671,0.63653601844,0.357116262916,5.9567742507,2.74925853423,8.1265446879,0.256926494148,4.74239360981,6.40558784132,5.92597816085,1.72782753824,0.351909658403,0.590178889892,0.824464242649,0.347117694427,2.26022341257,1.05774205019,1.16784205029,1.98031241762,1.761796387,-0.0,3.21720661151,0.811675837867,0.259689878567,0.787053312019,4.42390650422,1.53003138,2.73068757217,2.56402284994,0.971186337947,0.913004030271,0.084219193723,0.499241143102,6.93938540283,2.43968514148,0.86900531251,0.354730994977,3.0871079538,0.0328299703116,1.4399167252,0.474087358477,0.0963987875017,0.474345147904,0.393393506923,0.0567574252296,0.557444299263,2.30459612433,3.82392291036,7.19146296447,0.150209181358,-0.0,1.59826162724,0.148311967966,0.167684699568,0.0437959832245,0.283923482489,1.52720498048,1.20184277832,0.277436450233,0.0968053230261,0.160284166762,0.969924395701,1.24329156903,1.67871735551,0.559607055584,0.405062390535,0.730586292799,1.52000346136,2.16474261334,1.2504859663,7.32333245861,0.358141031426,0.394920999516,0.864667239595,-0.0,0.580171800227,0.185780706761,0.326520293596,3.17022508032,0.173048354521,0.074973584725,1.5419900506,0.087586091855,0.524427861322,0.356363245762
2008,1.61498903296,2.99920539137,0.0209925019638,0.26952168556,0.581405245473,0.377400807539,2.84193440769,1.57264745992,0.369634268331,0.0350673152183,0.863472423491,6.19276479743,6.43148683995,0.416199255881,0.295281752558,5.40518702593,0.0542257876795,0.303115297895,0.0450430233826,1.59337994328,4.74993811533,1.29285688178,1.20476221957,0.801652725596,0.247166757228,5.42292444129,0.40777857939,1.980286183,1.02198819986,2.71380693066,0.102365695906,0.947130602998,0.0269350694504,5.91246587112,2.4949452286,7.9752293675,3.99312369615,1.9762933655,2.76849647866,0.631533459412,0.118695113366,0.737274591487,0.860374305456,0.0823535550904,0.312039071694,1.93030708688,0.567422708067,1.5190194737,-0.0,3.31151381766,3.15045637861,3.61837543381,6.50740945539,0.0696620413062,0.365476768525,8.03688465666,0.37499145088,0.67649824903,2.54030272136,3.89439247285,1.51293790818,4.13408298531,0.582784543944,0.603168887832,5.39192097271,0.513212388191,4.14130084638,3.09717005922,0.340876580052,5.07243699389,0.0743277510219,8.27667527505,0.312305633528,5.87342940889,3.90715466228,0.136706570527,1.31601359083,5.84351479951,1.1080821477,0.631121825176,0.0268761689373,0.343393465836,0.137448778693,1.27593177064,3.5451115906,0.735651662152,2.4151536891,0.413778640554,0.104700065737,0.14346617226,5.8785819927,3.37268234701,0.168509591693,0.130237114993,2.73682208966,0.133457143369,3.06920565478,0.589490242633,2.68326445261,1.11117130427,-0.0,6.48797041516,2.71457673524,0.449537550597,8.2566150575,7.02756823168,4.42593817985,0.32334902519,1.2451790438,8.68670913095,2.56374500167,0.637936592532,0.235053976135,0.247104151142,0.392904426669,0.798108805627,7.92044194664,0.177875641127,4.4471018203,1.55576294352,0.343129089597,0.449912798744,0.0126481946957,0.777746080965,1.02813152908,1.51789005508,0.0863707799471,0.142967373927,7.77410986694,0.925172957982,0.642307456716,1.83636823841,0.432840091304,2.69107054157,9.0325531705,2.40704546239,2.55233125039,-0.0,0.993872556982,10.6023014775,1.30505146703,0.268246921158,0.319709127388,0.45944177257,1.56578424603,0.159898218823,1.91140788179,1.00147934199,0.363980889592,3.63153385803,0.221032840263,1.11311674062,1.2971516228,0.533276244164,-0.0,0.492885270886,0.0645161261114,1.09010076685,0.319636950927,2.69483288934,7.13907108788,0.318189087964,0.619251388347,0.301885193001,0.631585406406,0.272182869337,6.17069315066,2.83720804649,8.80383697908,0.245094765706,4.49084488315,6.52549844419,6.02539356605,2.08238487379,0.383857122865,0.585880449197,0.938370517181,0.388224171316,2.20112380163,1.06382112802,0.998698376766,2.21223613214,1.82920383864,-0.0,3.85265238743,0.597851482267,0.243825305588,1.15344834551,5.25286310489,1.87445913209,2.79552980582,2.28587151245,1.01183569959,1.10036068842,0.0892380147771,0.551034903835,7.23131912314,2.44840566776,0.87192114578,0.370685488156,3.44253923749,0.0320262630844,1.53693901009,0.453919896952,0.0922836493923,0.454955660986,0.415023019571,0.0645606850375,0.529851572441,2.46590740964,4.22883983316,7.54285802454,0.146188730274,-0.0,1.57672862827,0.159121827632,0.139925460222,0.0507844203479,0.3095389088,1.53921216206,1.21316234283,0.349146789269,0.136780725171,0.18074044792,1.19434725011,1.27535159611,1.7581667022,0.577436757919,0.415214934277,0.431305410164,1.50775939461,2.30603269708,1.43514910164,7.33365728749,0.343184144585,0.411099358094,1.03724594405,-0.0,0.493003980138,0.245351912979,0.330083721353,3.22998900852,0.200218253097,0.0819201952624,1.51217536719,0.0613533514252,0.664858314678,0.573785337943
2009,1.43417980723,2.77872019291,0.0250815816967,0.222509651076,0.535113947525,0.324834454695,2.14160644448,1.56901207854,0.370625338129,0.0350673152183,0.763955991734,5.83233334711,6.26758739103,0.427659763635,0.400189235008,5.35641081459,0.0706199903614,0.320497611018,0.0445309668312,1.67347705643,4.76628196012,1.20463463378,1.22145114561,0.703623090722,0.243012131842,5.14850601617,0.408391025466,2.01032573477,1.17025010862,2.19717252482,0.103535117907,0.872622610624,1.16518783343,5.64402520708,2.46293351446,7.9787685884,3.96729387822,1.954013616,3.28343667559,0.509432947476,0.132253922835,0.647970358605,0.934118828453,0.241241469457,0.369958727477,2.24004657245,0.47931082376,1.5846118787,-0.0,3.2285505904,3.15325755228,3.51672509159,6.41810347513,0.0721342956992,0.376613050573,7.9393146673,0.337966085387,0.662181899712,2.93584591444,4.14099786884,1.53777367963,4.0560648701,0.68310283458,0.724546576522,5.29559405217,0.518542391603,4.02785388678,3.08081729275,0.355251854934,4.95135269576,0.0664685587378,7.94003794215,0.306236666269,5.82949423963,3.6186639869,0.145879300762,0.822367246611,5.4770009386,1.21592772517,0.696840532221,0.0267190632283,0.252201998217,0.135464494578,0.789764722055,3.47217185009,0.705502100442,1.88487126104,0.457663232421,0.104700065737,0.148564848467,5.76199511677,3.4784403725,0.176711808153,0.234546909272,2.63835312121,0.133104250444,3.07514962123,0.67680120076,2.65721801857,1.20194072922,-0.0,6.06252185066,2.27574231919,0.42113139092,7.47134333435,6.96037002596,4.29764353906,0.291178125958,1.27907869805,8.49490365028,2.80344405213,0.700725732817,0.265785635596,0.277305490617,0.991650128816,0.749699280881,7.89251854604,0.175407322961,3.56082502214,1.58650389473,0.378780967198,0.582776364882,0.0165191555894,0.554779666252,1.02041015598,1.52606802823,0.0849183276415,0.150036354509,6.8370383362,0.884125780995,0.681253157297,2.00074273745,0.325083619235,2.51443396273,8.5756733373,2.15594022096,2.59512210837,-0.0,1.04934597276,8.374210339,1.04483298118,0.232500264176,0.328856345726,0.433646545016,1.5415938253,0.158899831167,2.05518485301,1.10825388799,0.473678099146,3.38447798573,0.241974701626,1.10665641849,1.26612670146,0.531870837328,-0.0,0.921900515119,0.0571516442775,0.924099376888,0.274567240656,2.98164313319,6.97611915375,0.337980780028,0.785174769377,0.750861419628,0.753160942065,0.373437756575,5.9716329225,2.82111781862,8.05519434596,0.382304317251,4.48450212134,6.38566523492,5.89284850563,1.83695293553,0.349671981711,0.549768151906,0.994626044718,0.404192806634,2.14805710431,1.02806877223,0.816282563955,2.19689814546,1.87677037891,-0.0,3.72972009058,0.732835665997,0.264172692706,0.958239328218,4.07802041983,1.8759590042,2.77414791444,2.1329715159,1.07075464335,0.901049463698,0.882803208884,0.770827669847,7.00202290357,2.44583084804,0.870871771054,0.36685250858,3.41188207429,0.031258748073,1.75787422488,0.490902467845,0.0694609097665,0.491560381879,0.300437798479,0.487142135577,0.792635342741,2.38997262164,4.28959930841,6.89991784267,0.149593951625,-0.0,1.23812106532,0.149795849981,0.112166220876,0.0439333031949,0.316550036391,1.59443076391,1.21929672549,0.356853784007,0.175949102054,0.172687405655,0.829088567589,1.36173851604,1.77435242224,0.559322297449,0.471197048374,0.480839678099,1.45765028462,2.64390602075,1.36955486289,7.13789222183,0.344081004935,0.42143184066,1.07501094531,-0.0,0.56796125639,0.285291361704,0.308706740067,3.24929346057,0.181991184895,0.0779629748575,1.50864091555,0.0573117534243,0.43934154017,0.272529933114
2010,1.41712110194,2.61138089989,0.0311468239971,0.243190310479,0.634038198651,0.365598402277,2.22012960244,1.6654606147,0.347122900994,0.0350673152183,0.711386035552,6.33154827098,6.35851338924,0.462861179618,0.315052225386,5.41434285285,0.0847759576967,0.510801801199,0.0464257153027,1.6789863971,4.34024155458,1.19798838704,1.36225156968,0.762549144494,0.30847677461,5.13486103316,0.511656726862,2.12346047785,1.19965043957,2.43908211861,0.124041635888,0.922404310037,0.490684043673,5.94011203093,2.56028296639,8.28603507378,3.94317931049,1.9931849444,3.58055208414,0.349149289999,0.195404036353,0.781573632945,0.998713916797,0.240416537429,0.334305158462,2.24534609886,0.511347266536,1.59144244375,-0.0,3.15735950566,3.30056397754,3.61447908537,6.42361605197,0.0764629823642,0.379523768065,7.80699647919,0.361444120734,0.685987441,3.1321365158,4.16732434777,1.64116198175,4.08640626716,0.819303886099,0.760776861255,5.27571630039,0.521123495894,3.94878950407,3.27818961166,0.344020029357,4.95782418015,0.0753570087003,7.80647315376,0.292173202726,5.86318971049,3.67066831413,0.155119037567,0.890705030359,5.51894958298,1.00070907191,0.651518981547,0.0267112221735,0.388225139191,0.13554380779,0.953142339848,3.29497999816,0.703901989538,3.08583288908,0.542339347667,0.104700065737,0.169035079656,5.84633215363,3.65701943216,0.207416067107,0.11793302884,2.54636296582,0.13277567429,3.04992225015,0.670146192202,2.63267104267,1.21707467416,-0.0,5.73586731441,2.21493968588,0.471180406504,7.07022256207,6.93347830632,4.2265865994,0.315247161285,1.33513376698,8.57511447213,3.04282705482,0.797611961739,0.155869389217,0.265066674568,1.24452113531,0.758240300137,8.23882959899,0.179425016015,3.51875289602,1.67795901639,0.411950481601,0.82772765805,0.0178486822166,0.65217188984,1.03513144529,1.62238178766,0.0885652992132,0.157945312016,7.65646513033,0.965801311556,0.640601644336,2.17771355169,0.47008162131,2.55973409921,8.72154750286,2.14752211672,3.20684068949,-0.0,1.08679310047,7.95580628815,1.11462085658,0.222098466306,0.34597309357,0.481485639416,1.60101674351,0.170742974764,2.22900485219,0.966641981162,0.556423429756,3.53552276664,0.215376515852,1.13481510341,1.33814204472,0.589614358019,-0.0,0.423835930457,0.0660068448108,0.943222679249,0.240862220355,3.1196738698,7.02970907779,0.38688920493,0.609502863437,0.607202269045,0.820137760457,0.352310587525,5.96445128694,2.89601635144,8.41153705231,0.40979898113,4.7870264682,6.46233761399,5.96170055058,2.01061744069,0.380497010464,0.536056665831,1.0320036074,0.537231621885,1.88756988762,1.01831398493,0.645910519866,2.34627640223,1.87539636414,-0.0,3.72092392221,0.72088711619,0.287608301154,0.832173431545,4.62670285768,2.05817574063,2.85776555839,2.05502964556,1.0934856588,1.0831594005,0.103560138576,0.525197340968,7.49200774859,2.45212205159,0.871517036568,0.386812957116,3.38308841325,0.0305250916439,1.69037741209,0.443798024006,0.0854661656213,0.444584380763,0.328422245835,0.44472314263,0.79167858398,2.62575604444,4.39671964794,7.18907205513,0.164733220863,-0.0,1.32599827524,0.143000447789,0.0844069815303,0.0489590458269,0.339388256748,1.63052660645,1.22502537146,0.375038757615,0.214499335197,0.195484211472,0.895201758538,1.38791596196,1.89311741033,0.585292457965,0.51247858278,0.629245154116,1.44754687175,2.86563138596,1.49057188308,7.18355201253,0.396517441931,0.407574282425,1.16730038913,-0.0,0.679093274508,0.538139418811,0.312837809923,3.31240881142,0.198428209302,0.0813368690701,1.55795828531,0.0586888985699,0.426679213804,0.290935683105
2011,1.49602772631,2.72016930154,0.0340125710873,0.305666484673,0.682528537583,0.417870509093,2.52394161243,1.80996237449,0.398539149297,0.0350673152183,0.700485217737,6.87380966538,6.54870227051,0.539669872575,0.0764345523881,5.68128317625,0.0553132134637,0.492672023005,0.0505841203484,1.72998391261,3.33708737024,1.17577272129,1.41948588487,0.780304604072,0.378733801882,5.03279887734,0.668545797313,2.20449023312,1.22183270258,3.21972644665,0.135848743808,1.01090150908,0.0273688934461,6.17221433004,2.70243575161,9.11601891313,3.92091909044,2.05948111898,4.023640422,0.702117412409,0.229708695623,0.781592679415,1.1372084339,0.243185630762,0.348119309178,2.35251796728,0.548167208648,1.43830973567,-0.0,3.09759400495,3.1397182703,3.88894923112,6.70904258158,0.082668605305,0.504429210917,8.1081794242,0.37876318119,0.780906578199,3.40110848583,4.32590689092,1.64957869374,4.19875260238,0.665386130156,0.837517684748,5.45005805308,0.526207827678,3.98541299575,4.00505699523,0.403834727133,5.12149199603,0.0781339662096,7.87108430696,0.334252516477,6.02537294473,3.86352061128,0.163873497767,1.0119223717,5.65607487334,0.970726499376,0.711593004149,0.027680399849,0.670898621495,0.143243087966,1.25392263559,3.27393895153,0.706366373759,1.85674417362,0.47705449068,0.104700065737,0.189734968549,5.98009425101,3.71315600491,0.193160193416,0.253296475511,2.6114117808,0.137074836855,3.14967228367,0.679281766966,2.60970801368,1.27462492933,-0.0,5.92100570996,2.40875230813,0.554192764986,7.09679777386,7.14482392571,4.35961685815,0.340646112035,1.33815872421,8.79469836313,2.63691763498,0.834043349116,0.225132002744,0.294446409147,1.19676004273,0.754086991961,8.44570731437,0.204215496512,4.14890945394,1.75256241249,0.447791030253,0.564001108227,0.0207018981705,0.301542424352,1.04344702775,1.69493123149,0.0932091091324,0.166961305367,8.58501037296,0.937435575629,0.636936547313,2.41736897486,1.1314112016,2.72738861316,9.45542336568,2.44522338328,3.95606048069,-0.0,1.0969768848,8.9466217642,0.983569589721,0.402355128277,0.355086151801,0.549124581932,1.63706149536,0.179797573324,2.47763938419,1.18578990007,0.599157442801,3.76078743861,0.247981937985,1.19158086554,1.28695321661,0.682000491427,-0.0,1.13541172418,0.0760131830975,0.896793687415,0.309905120744,3.22310360008,7.11498666442,0.420469342403,0.996344407623,0.337773290445,0.865453520636,0.358828716217,6.24456245562,2.97604067742,9.20403173522,0.403144720952,5.0307748322,6.62786638629,6.10187771625,2.26811440949,0.423883075202,0.54403909095,2.04635962368,0.564114492993,1.68382200605,1.05988392378,0.487109015919,2.476341005,1.88039868129,-0.0,3.82112842064,0.870551787334,0.777315267663,1.126152092,5.63395392049,2.21772624332,2.93923270096,1.95037690267,1.12699974636,1.32439477845,0.118617794979,0.523360799464,7.86966188179,2.4724791979,0.873950957081,0.377380033067,3.35596946806,0.0298248740863,1.7388762491,0.49345076981,0.0926930607016,0.49448657011,0.368405184791,0.129659050535,0.638977333221,2.76583933412,4.8283265125,7.5514750158,0.226852318679,-0.0,1.53373051283,0.141228739654,0.0566477421844,0.0540176610898,0.342719023145,1.53535512695,1.24720432291,0.447821564256,0.255470742535,0.233350460697,1.02481084605,1.44814710804,1.96013817922,0.626559432663,0.581625844441,1.17406793745,1.43801253766,3.1871579966,1.63439611942,7.25061332572,0.374178815916,0.400750612752,0.906507997758,-0.0,0.853865512305,1.65001477573,0.343574075179,3.40711945074,0.227541574869,0.0787077240944,1.57000745055,0.0608214623999,1.08569642213,0.299058338873
2012,1.65849394641,2.61285551073,0.0377540201788,0.333890606644,0.711414052207,0.448123177401,2.62290608955,1.90477994329,0.399813361412,0.0350673152183,0.739164559712,7.17737743827,6.57111052704,0.715544897295,0.151507699134,5.64927752622,0.128760736399,0.637152283563,0.0516981756263,1.74991518384,3.95524253757,1.20843709836,1.14706102665,0.794029698669,0.321384769218,4.98897899941,0.572052995339,2.19128272405,1.1648903462,3.41603194043,0.134010591467,0.991917397366,0.0641902003188,6.05847349294,2.70251877657,8.96898757089,3.90033460545,2.07993441473,4.48586833371,0.521948544422,0.168738857015,0.860999154705,1.2649415469,0.24098580855,0.37914401071,2.36078009625,0.559843655358,1.52831881234,-0.0,3.04686674316,2.69340057619,3.9624718149,6.70879631701,0.0889404753247,0.610690720329,8.03081972718,0.398892651158,0.864114252835,3.77023561933,4.55921966864,1.66811173579,4.21476105665,0.692064655636,0.867624948008,5.36498646958,0.525583421384,3.79319129401,3.81542530854,0.504615035354,5.06429790751,0.0876491776267,7.57308653014,0.304628871531,5.961485852,3.74245819351,0.172018255857,0.963409430139,5.66218040037,1.01722702049,0.902716420369,0.0298420352493,0.573105447965,0.137764008927,1.27213743124,3.06943628461,0.715808951918,3.08255370891,0.553594944552,0.104700065737,0.207400086693,6.05840847051,3.89872389878,0.219275875876,0.224354623115,2.57799770609,0.138491586014,3.02397634909,0.673507490336,2.58810724088,1.30659570821,-0.0,5.76202883252,2.31223547157,0.604559138354,6.82412513628,7.53077244165,4.1947841018,0.346498361511,1.34390496143,8.80556428083,2.5870119422,0.828320876673,0.272331363258,0.320957951953,1.13889335121,0.748904791628,8.75343633814,0.196785714663,4.28382491542,1.73189110557,0.537541578867,0.586375491103,0.0226349012924,0.712363262909,1.04631964694,1.6974062366,0.0948109627995,0.175100407513,8.15152110755,1.11771788895,0.661058726019,2.74550951022,1.59660939345,2.72179351192,8.58761410658,2.47872136203,4.55354005129,-0.0,1.109666544,8.89530869361,0.952106025739,0.185209647332,0.356858296696,0.574756835123,1.66555008797,0.191395863179,2.8158521065,1.19320858006,0.556108031254,3.84717825112,0.208081234202,1.19127000664,1.48170757837,0.757768058783,-0.0,1.07632647344,0.0701032225937,1.09781340838,0.336206111705,3.31790240429,7.26659485668,0.528692004846,0.857163455549,0.360377384408,0.802269083415,0.25216941904,6.22036240128,3.07866063253,9.26788677866,0.412679842249,5.11547569495,6.69548348835,6.17691424916,2.15363555173,0.416435554415,0.530046729847,1.12060388752,0.525590536257,1.7460925661,1.09444696942,0.211660570982,2.59789033606,1.87168305968,-0.0,3.64042736763,0.624972539922,0.274882471467,0.755769212111,6.00311980417,1.91536004977,3.02541797284,1.92355807317,1.15891609589,1.4155976115,0.10979735388,0.525541467482,7.86818551483,1.46527103571,0.880949794152,0.359651687436,3.3307770885,0.0291502375467,1.86966242076,0.496442357196,0.0516043319065,0.497496956241,0.366153700976,0.471776852399,0.692192938864,2.84423666027,4.78382991937,7.49348766407,0.221129610506,-0.0,1.55834574614,0.139486485345,0.052070261173,0.0531561806995,0.328532567367,1.57827717227,1.25002985988,0.506470250795,0.294885353215,0.416543343541,1.02937022202,1.43025732493,2.01420594317,0.629329795001,0.693163088662,1.1417342402,1.50300726038,3.42032274127,1.68222875146,7.43195609561,0.372157892241,0.410714313598,0.934488192853,-0.0,1.09221650626,1.64364251069,0.371240950244,3.56512769485,0.234906082936,0.0763231149607,1.53405000906,0.0630312560345,0.575462834236,0.449310514179
2013,1.50629192595,2.78446248391,0.0364398384769,0.354082876875,0.717956944845,0.449931096374,2.68405666487,1.95719443738,0.40531073631,0.0350673152183,0.729134719074,7.22034136543,6.71625839614,0.903095353491,0.152336658161,5.78000491715,0.0817433444802,0.704724522075,0.0569151574376,1.83128920466,3.89426154736,1.21953063585,0.992501966367,0.893432911454,0.257897272231,5.14224305741,0.595591969651,2.16490381276,1.24424892571,3.42267901399,0.130233954643,1.02227664231,0.0188825081683,6.05074585628,2.75146863162,9.07778518811,3.88104197601,2.11241502363,5.07213014532,0.305968470058,0.174696054066,0.928333380031,1.39375183543,0.243524263535,0.499321693906,2.50751376434,0.578732089224,1.58221117369,-0.0,3.00265327143,2.61129310189,4.04281335575,6.79613386266,0.0942223122465,0.625350594307,8.14777908286,0.398983832944,0.905757288382,4.11728514181,4.74229831664,1.75805969176,4.2402676953,0.762678531251,0.933031720249,5.47344378569,0.524962275095,3.81418441189,3.66040265748,0.575820147084,5.12139950662,0.0865885662169,7.50193215649,0.32082408781,6.08831168071,4.03880312736,0.166356495292,0.96430242468,5.3252433836,0.991622041663,0.86637735687,0.0317106669661,0.836500917916,0.136644197961,1.17484345329,3.13462716786,0.73617101189,2.06177534699,0.536918937767,0.104700065737,0.217058475801,6.07213801555,3.89448552881,0.217168779682,0.184091328773,2.57805731547,0.140866331087,3.1036611555,0.705026894683,2.56766268437,1.38498436582,-0.0,5.86087728164,2.28446410285,0.615128905802,7.00424745422,7.68065066962,4.22149642968,0.335587585003,1.33459038941,8.29649980761,2.85758564273,0.838861616293,0.295775422517,0.344484404092,0.103914884001,0.795692123894,9.09722361727,0.212601949607,4.23185542281,1.75871757263,0.605184016851,0.599771314469,0.0247746538652,0.571346399827,1.05021554982,1.72574994286,0.0966211889433,0.18338321541,8.09672281501,1.31769425961,0.705027337257,3.05020841329,1.22317121138,2.88793759941,9.11491081009,2.65874296629,5.3396573094,-0.0,1.15068639587,8.86598151328,0.809726680849,0.201801119388,0.388059604816,0.568603248564,1.71011481253,0.196893206635,3.15091707365,1.22434458486,0.522750050194,3.77059718442,0.181929355464,1.18759962971,1.44483517232,0.793474330878,-0.0,0.769996711543,0.071372317203,1.08632361032,0.354394918271,3.35208713957,7.40639651845,0.417824065191,0.848489083623,1.64576719706,0.804429014903,0.236275222367,6.3530241243,3.10753755571,9.37661930034,0.467184806971,5.32480730372,6.70662857131,6.18627928581,2.29171890205,0.412882067316,0.54403765009,1.10165145452,0.539630095581,1.74951735109,1.12333236122,0.20934512458,2.64900417723,1.88466365159,-0.0,3.74681909752,0.675575323269,0.307836424694,0.893748690149,6.1920826006,1.90132745179,3.09504382551,2.08604416484,1.23257656281,1.40414595416,0.113283565941,0.580952901242,7.99511258587,0.447429851618,0.889915760042,0.355396544134,3.30753984909,0.0284844396084,1.78583129546,0.494018404442,0.0632557750913,0.495006917775,0.367790113443,0.476380605157,0.702908535271,2.94022817116,4.80270826555,8.04743069259,0.202516504602,-0.0,2.01676388068,0.137773200583,0.052070261173,0.0538347002398,0.371774868414,1.66061297839,1.25656818452,0.56270717797,0.327700016953,0.403046742083,1.13291710492,1.44596889425,2.04726565843,0.620375984867,0.564727147158,0.634183414373,1.54413583619,3.92879324418,1.7639104721,7.57528245358,0.393253455106,0.424584091131,0.937649491641,-0.0,1.35634520763,1.64411437019,0.397687825361,3.66786498936,0.245906741167,0.0866471382884,1.52275501741,0.0642876667372,0.560354707706,0.396876924604
2014,1.49939332306,2.88461079277,0.0346240737463,0.343275650998,0.726653205699,0.44382133072,2.74589907979,1.84974295566,0.413874524958,0.0350673152183,0.734052840366,6.90281784855,6.75460547856,0.907185177814,0.153792356775,5.81688127063,0.0828814853062,0.700010669049,0.0641512995488,1.8434757197,3.89716619221,1.21416902609,0.999941316041,0.910807225659,0.26402015035,5.12930229415,0.604629122264,2.14334634902,1.25586031587,3.51201685317,0.139931812217,1.02670132012,0.020636788314,5.93266919978,2.77415949355,9.12192570809,3.86248447925,2.03776213152,5.0920552215,0.307356716863,0.17886051102,0.907974377636,1.38153636399,0.24425171004,0.497329433543,2.50446618965,0.591453304027,1.58166967061,-0.0,2.96190544176,2.55214538386,4.02532735345,6.92683037484,0.101335819546,0.636714763573,8.19533739977,0.40963531728,0.895585393525,4.12634910535,4.74221355802,1.73962719454,4.2493508582,0.777640626944,0.933640253639,5.51247341361,0.524339596588,3.83471535827,3.71533239515,0.575868719077,5.17826718202,0.083619266897,7.51944258853,0.339768961666,6.09165830571,4.04315771164,0.167067681391,0.970493583039,5.5402426638,1.01253831225,0.835473622847,0.0326985540085,0.818806247576,0.138233875294,1.03386932891,3.12892437914,0.769919768266,2.06587148786,0.546293647578,0.104700065737,0.22446320727,6.07969347237,3.99276221968,0.221448386204,0.185294603353,2.57532250972,0.141622306155,3.12870783473,0.694835221471,2.54806490543,1.38455031251,-0.0,5.99721278462,2.20182996506,0.58776187209,7.24970677502,7.72716487413,4.20381024122,0.329022104088,1.34450315281,8.16663941738,2.7911758609,0.841121526009,0.295033255408,0.344216458586,0.101346118604,0.850983986087,9.19472648683,0.221419477527,3.90864505324,1.75106250195,0.602273120542,0.610012694413,0.0250216208273,0.359230547014,1.068140815,1.70869290802,0.099641928834,0.184822804501,8.04330346693,1.31871277914,0.709012888345,3.03850701108,1.20727417367,2.93373393708,9.26290772382,2.70034038159,5.65055088995,-0.0,1.15095091953,8.8436438955,0.80958057046,0.198648032152,0.417273356648,0.550797557251,1.71416946586,0.192898039403,3.14164689486,1.23801081191,0.522390939243,3.75631806786,0.186961244782,1.15891402562,1.45471107239,0.77935660268,-0.0,0.765107403778,0.0696765130541,1.11494208961,0.35033578882,3.36509211563,7.46649027617,0.416335101507,0.840075595063,1.63871678993,0.805105034845,0.242869748833,6.390350353,3.05354167297,9.06929976483,0.464772649961,5.42392318981,6.73414349885,6.20478135495,2.17785108714,0.411819523808,0.541853884858,1.13658336818,0.536199269567,1.7505739509,1.17543274988,0.218051713617,2.68007122269,1.90562020028,-0.0,3.77608934048,0.685740744466,0.316632855981,0.886412845161,6.21205758094,1.92664298031,3.00950276933,2.04221531536,1.23211330194,1.37763766969,0.121468006285,0.580511308558,8.00676100953,0.454763702075,0.888983884234,0.362022901626,3.28618399756,0.0296535421698,1.77720817365,0.495956610488,0.0609390059638,0.496815074005,0.370032126043,0.483756830531,0.706283966079,2.96131658483,4.84903327571,7.96770902294,0.19317554826,-0.0,1.99550200617,0.136088398151,0.052070261173,0.055997345528,0.366915134646,1.64530255074,1.26013939795,0.628545184266,0.330503930081,0.402863779595,1.19339612086,1.44961695095,2.01605717095,0.61745501501,0.562185547891,0.627256440797,1.48371646154,3.92878034356,1.75892451172,7.65548409013,0.400151086262,0.428809548841,0.926674527734,-0.0,1.36057504236,1.64307103302,0.395141177522,3.66105910657,0.245503398091,0.084735432173,1.49307963665,0.0658529564053,0.551040289905,0.39330613801
